Cycle,meanVh,meanVs,netOutflow
1,0.0,0.012664700064317271,0.11761794182567087
2,0.0,0.006666666666666667,0.11682528933117264
